ticker,asset_type,size_metric_name,size_metric,price,ttm_dividends,dividend_yield,beta_1y,realized_vol_1y,total_return_3y,max_drawdown_3y,selected_expiration,selected_dte,selected_strike,selected_call_bid,selected_call_ask,selected_call_mid,selected_call_open_interest,selected_call_volume,expiration_total_call_open_interest,selected_call_otm_pct,selected_call_spread_pct,selected_call_yield,annualized_call_yield,metrics_signature,as_of_date,error,status,fail_reasons,score_total,score_dividend,score_call,score_liquidity,score_quality,score_risk_fit,combined_income_score_proxy
XOM,EQUITY,marketCap,605195075584.0,146.34,4.04,0.02760694273609403,-0.062215616441844465,0.23429590477996237,0.2636261553079382,0.20291935869825317,2026-05-15,28,160.0,1.2,1.28,1.24,5644.0,2986.0,63139.0,0.09334426677600116,0.06451612903225812,0.008473418067514008,0.11045705695152189,"{""benchmark"":""SPY"",""history_period"":""4y"",""market_data_source"":""ibkr"",""max_otm_pct"":0.15,""min_otm_pct"":0.05,""option_dte_max"":56,""option_dte_min"":25,""option_monthly_only"":true,""option_target_dte"":35,""preferred_otm_pct"":0.08}",2026-04-17,,PASS,,0.532385,0.126782,0.420475,0.816129,0.742138,1.0,0.1380639996876159
BAC,EQUITY,marketCap,386868674560.0,53.99,1.1,0.02037414335988146,1.0067556239393,0.2183798027260644,0.8904061624649862,0.28009210801758433,2026-05-15,28,57.5,0.26,0.27,0.265,20668.0,877.0,54521.0,0.06501203926653076,0.03773584905660381,0.004908316354880533,0.06398340962612123,"{""benchmark"":""SPY"",""history_period"":""4y"",""market_data_source"":""ibkr"",""max_otm_pct"":0.15,""min_otm_pct"":0.05,""option_dte_max"":56,""option_dte_min"":25,""option_monthly_only"":true,""option_target_dte"":35,""preferred_otm_pct"":0.08}",2026-04-17,,PASS,,0.446826,0.006236,0.033195,1.0,0.902058,1.0,0.08435755298600268
GOOG,EQUITY,marketCap,4082132844544.0,339.49,0.84,0.0024742996848213495,1.1495640094295718,0.2803019933476528,2.1374433866346245,0.29430455924124976,2026-05-15,28,365.0,4.35,4.5,4.425,12308.0,1384.0,50708.0,0.07514212495213402,0.033898305084745846,0.013034257268255323,0.16991085367547118,"{""benchmark"":""SPY"",""history_period"":""4y"",""market_data_source"":""ibkr"",""max_otm_pct"":0.15,""min_otm_pct"":0.05,""option_dte_max"":56,""option_dte_min"":25,""option_monthly_only"":true,""option_target_dte"":35,""preferred_otm_pct"":0.08}",2026-04-17,,FAIL,dividend_yield<0.02,0.706296,0.0,0.915924,1.0,0.876792,1.0,0.17238515336029253
AMZN,EQUITY,marketCap,2730612228096.0,252.03500000000003,,,1.5235112052843447,0.3139720609809223,1.4612304687499997,0.3087664215483765,2026-05-15,28,270.0,4.9,5.05,4.975,15311.0,1742.0,158055.0,0.07127978256988099,0.030150753768844116,0.01973932191957466,0.25731616073731256,"{""benchmark"":""SPY"",""history_period"":""4y"",""market_data_source"":""ibkr"",""max_otm_pct"":0.15,""min_otm_pct"":0.05,""option_dte_max"":56,""option_dte_min"":25,""option_monthly_only"":true,""option_target_dte"":35,""preferred_otm_pct"":0.08}",2026-04-17,,FAIL,dividend_yield_missing;beta_1y>1.2,0.677662,0.0,1.0,1.0,0.851082,0.5,
GOOGL,EQUITY,marketCap,4110318829568.0,341.6,0.84,0.0024590163934426227,1.1786096567840227,0.286608149126098,2.1803965372800893,0.29886616920244213,2026-05-15,28,370.0,4.05,4.2,4.125,9500.0,1870.0,102661.0,0.08313817330210771,0.03636363636363645,0.012075526932084309,0.15741311893609902,"{""benchmark"":""SPY"",""history_period"":""4y"",""market_data_source"":""ibkr"",""max_otm_pct"":0.15,""min_otm_pct"":0.05,""option_dte_max"":56,""option_dte_min"":25,""option_monthly_only"":true,""option_target_dte"":35,""preferred_otm_pct"":0.08}",2026-04-17,,FAIL,dividend_yield<0.02,0.673835,0.0,0.811776,1.0,0.868682,1.0,0.15987213532954164
TSLA,EQUITY,marketCap,1508027400192.0,400.92,,,2.1049796940305368,0.4898821207885814,1.155621301775148,0.5376568165715,2026-05-15,28,435.0,9.05,9.15,9.100000000000001,6283.0,1164.0,76663.0,0.0850044896737503,0.010989010989010948,0.02269779507133593,0.29588197146562906,"{""benchmark"":""SPY"",""history_period"":""4y"",""market_data_source"":""ibkr"",""max_otm_pct"":0.15,""min_otm_pct"":0.05,""option_dte_max"":56,""option_dte_min"":25,""option_monthly_only"":true,""option_target_dte"":35,""preferred_otm_pct"":0.08}",2026-04-17,,FAIL,dividend_yield_missing;beta_1y>1.2;realized_vol_1y>0.45;max_drawdown_3y>0.45,0.620059,0.0,1.0,1.0,0.6,0.300589,
PLTR,EQUITY,marketCap,352078594048.0,146.43,,,1.9110085099030396,0.5317073003401408,16.066433566433567,0.4061145883485796,2026-05-15,28,160.0,4.85,5.0,4.925,12432.0,2289.0,102548.0,0.09267226661203298,0.030456852791878247,0.03363381820665164,0.4384408444795661,"{""benchmark"":""SPY"",""history_period"":""4y"",""market_data_source"":""ibkr"",""max_otm_pct"":0.15,""min_otm_pct"":0.05,""option_dte_max"":56,""option_dte_min"":25,""option_monthly_only"":true,""option_target_dte"":35,""preferred_otm_pct"":0.08}",2026-04-17,,FAIL,dividend_yield_missing;beta_1y>1.2;realized_vol_1y>0.45,0.610849,0.0,1.0,1.0,0.678019,0.091463,
AVGO,EQUITY,marketCap,1912369053696.0,403.35,2.48,0.006148506260071898,1.8948810335658295,0.4270181587992541,5.461230374879846,0.41484,2026-05-15,28,440.0,6.05,6.45,6.25,4603.0,477.0,37748.0,0.09086401388372378,0.06400000000000006,0.015495227469939258,0.20199135809027963,"{""benchmark"":""SPY"",""history_period"":""4y"",""market_data_source"":""ibkr"",""max_otm_pct"":0.15,""min_otm_pct"":0.05,""option_dte_max"":56,""option_dte_min"":25,""option_monthly_only"":true,""option_target_dte"":35,""preferred_otm_pct"":0.08}",2026-04-17,,FAIL,dividend_yield<0.02;beta_1y>1.2,0.601025,0.0,1.0,0.758244,0.662507,0.5,0.20813986435035153
MU,EQUITY,marketCap,517359271936.0,459.65,0.495,0.0010769063417817905,2.3766840529647526,0.588708123787154,6.293968253968254,0.5782339524275009,2026-05-15,28,500.0,20.9,21.1,21.0,7712.0,2858.0,41034.0,0.08778418361797025,0.00952380952380966,0.04568693571195475,0.5955618405308387,"{""benchmark"":""SPY"",""history_period"":""4y"",""market_data_source"":""ibkr"",""max_otm_pct"":0.15,""min_otm_pct"":0.05,""option_dte_max"":56,""option_dte_min"":25,""option_monthly_only"":true,""option_target_dte"":35,""preferred_otm_pct"":0.08}",2026-04-17,,FAIL,dividend_yield<0.02;beta_1y>1.2;realized_vol_1y>0.45;max_drawdown_3y>0.45,0.59,0.0,1.0,1.0,0.6,0.0,0.5966387468726205
ORCL,EQUITY,marketCap,506543931392.0,173.92,2.0,0.011499540018399266,1.6269010299592663,0.6167004892085705,0.8205128205128205,0.5843206530015533,2026-05-15,28,190.0,4.4,4.55,4.475,19510.0,3594.0,113296.0,0.09245630174793007,0.03351955307262558,0.025730220791168355,0.33541180674201604,"{""benchmark"":""SPY"",""history_period"":""4y"",""market_data_source"":""ibkr"",""max_otm_pct"":0.15,""min_otm_pct"":0.05,""option_dte_max"":56,""option_dte_min"":25,""option_monthly_only"":true,""option_target_dte"":35,""preferred_otm_pct"":0.08}",2026-04-17,,FAIL,dividend_yield<0.02;beta_1y>1.2;realized_vol_1y>0.45;max_drawdown_3y>0.45,0.59,0.0,1.0,1.0,0.6,0.0,0.3469113467604153
AMD,EQUITY,marketCap,454900940800.0,278.57,,,2.101022338982034,0.5806497424002435,2.024866977956347,0.6300028384899234,2026-05-15,28,300.0,10.05,10.15,10.100000000000001,10299.0,1848.0,53090.0,0.07692859963384424,0.009900990099009865,0.03625659618767276,0.4726306288750199,"{""benchmark"":""SPY"",""history_period"":""4y"",""market_data_source"":""ibkr"",""max_otm_pct"":0.15,""min_otm_pct"":0.05,""option_dte_max"":56,""option_dte_min"":25,""option_monthly_only"":true,""option_target_dte"":35,""preferred_otm_pct"":0.08}",2026-04-17,,FAIL,dividend_yield_missing;beta_1y>1.2;realized_vol_1y>0.45;max_drawdown_3y>0.45,0.59,0.0,1.0,1.0,0.6,0.0,
NVDA,EQUITY,marketCap,4870476660736.0,200.74,0.04,0.00019926272790674504,1.741712091721772,0.3413869112728139,6.5880574452003025,0.3688683664592117,2026-05-15,28,215.0,2.31,2.33,2.3200000000000003,29793.0,15849.0,225745.0,0.07103716249875447,0.00862068965517242,0.011557238218591214,0.1506568553494926,"{""benchmark"":""SPY"",""history_period"":""4y"",""market_data_source"":""ibkr"",""max_otm_pct"":0.15,""min_otm_pct"":0.05,""option_dte_max"":56,""option_dte_min"":25,""option_monthly_only"":true,""option_target_dte"":35,""preferred_otm_pct"":0.08}",2026-04-17,,FAIL,dividend_yield<0.02;beta_1y>1.2,0.588277,0.0,0.755474,1.0,0.744234,0.5,0.15085611807739935
GE,EQUITY,marketCap,323933339648.0,306.985,1.55,0.005049106633874619,1.1843395541696917,0.29543011552452736,3.082047872340426,0.21364257766463957,2026-05-15,28,330.0,4.7,5.15,4.925000000000001,1347.0,96.0,16997.0,0.07497108979266076,0.09137055837563454,0.016043129143117743,0.20913364775849913,"{""benchmark"":""SPY"",""history_period"":""4y"",""market_data_source"":""ibkr"",""max_otm_pct"":0.15,""min_otm_pct"":0.05,""option_dte_max"":56,""option_dte_min"":25,""option_monthly_only"":true,""option_target_dte"":35,""preferred_otm_pct"":0.08}",2026-04-17,,FAIL,dividend_yield<0.02;selected_call_spread_pct>0.08,0.576351,0.0,1.0,0.131756,1.0,1.0,0.21418275439237375
META,EQUITY,marketCap,1734554157056.0,683.47,2.1,0.0030725562204632242,1.6351696742405086,0.3556305964402294,2.1015203085999543,0.3420934746901597,2026-05-15,28,740.0,11.45,11.75,11.6,1710.0,192.0,31826.0,0.0827102872108505,0.025862068965517303,0.016972215313034954,0.2212449496163485,"{""benchmark"":""SPY"",""history_period"":""4y"",""market_data_source"":""ibkr"",""max_otm_pct"":0.15,""min_otm_pct"":0.05,""option_dte_max"":56,""option_dte_min"":25,""option_monthly_only"":true,""option_target_dte"":35,""preferred_otm_pct"":0.08}",2026-04-17,,FAIL,dividend_yield<0.02;beta_1y>1.2,0.56642,0.0,1.0,0.488222,0.791834,0.5,0.22431750583681173
MSFT,EQUITY,marketCap,3159392256000.0,420.94,3.48,0.008267211479070651,0.9571905005955247,0.24484235119382042,0.45269804029809557,0.34183777002970106,2026-05-15,28,455.0,5.8,6.2,6.0,1521.0,671.0,157673.0,0.08091414453366275,0.06666666666666672,0.014253812894949399,0.18580863238059037,"{""benchmark"":""SPY"",""history_period"":""4y"",""market_data_source"":""ibkr"",""max_otm_pct"":0.15,""min_otm_pct"":0.05,""option_dte_max"":56,""option_dte_min"":25,""option_monthly_only"":true,""option_target_dte"":35,""preferred_otm_pct"":0.08}",2026-04-17,,FAIL,dividend_yield<0.02,0.562867,0.0,1.0,0.258822,0.740686,1.0,0.194075843859661
NFLX,EQUITY,marketCap,411208777728.0,97.08,,,0.4513691142050414,0.33717426730714095,1.8050259965337956,0.43350011201553285,2026-05-15,28,105.0,0.86,0.88,0.87,40668.0,12823.0,82467.0,0.08158220024721885,0.022988505747126457,0.00896168108776267,0.11682191417976337,"{""benchmark"":""SPY"",""history_period"":""4y"",""market_data_source"":""ibkr"",""max_otm_pct"":0.15,""min_otm_pct"":0.05,""option_dte_max"":56,""option_dte_min"":25,""option_monthly_only"":true,""option_target_dte"":35,""preferred_otm_pct"":0.08}",2026-04-17,,FAIL,dividend_yield_missing,0.536455,0.0,0.473516,1.0,0.629333,1.0,
AAPL,EQUITY,marketCap,3976891465728.0,270.3,1.04,0.003847576766555679,0.9948024245049171,0.23571658909537158,0.6325199323508093,0.3343371168249556,2026-05-15,28,290.0,2.08,2.14,2.1100000000000003,17741.0,5852.0,150416.0,0.07288198298187187,0.02843601895734599,0.007806141324454311,0.10175862797949368,"{""benchmark"":""SPY"",""history_period"":""4y"",""market_data_source"":""ibkr"",""max_otm_pct"":0.15,""min_otm_pct"":0.05,""option_dte_max"":56,""option_dte_min"":25,""option_monthly_only"":true,""option_target_dte"":35,""preferred_otm_pct"":0.08}",2026-04-17,,FAIL,dividend_yield<0.02,0.52524,0.0,0.347989,1.0,0.805623,1.0,0.10560620474604937
LLY,EQUITY,marketCap,823605198848.0,921.02,6.23,0.006764239647347506,0.6527183288963653,0.414526934155797,1.4550713048114088,0.34829482719110016,2026-05-15,28,990.0,19.35,21.45,20.4,593.0,5.0,4097.0,0.07489522485939504,0.10294117647058813,0.022149356148617835,0.28873267836591104,"{""benchmark"":""SPY"",""history_period"":""4y"",""market_data_source"":""ibkr"",""max_otm_pct"":0.15,""min_otm_pct"":0.05,""option_dte_max"":56,""option_dte_min"":25,""option_monthly_only"":true,""option_target_dte"":35,""preferred_otm_pct"":0.08}",2026-04-17,,FAIL,dividend_yield<0.02;selected_call_spread_pct>0.08,0.520015,0.0,1.0,0.014467,0.780809,1.0,0.29549691801325856
WMT,EQUITY,marketCap,1008229875712.0,127.22,0.9525,0.00748703034114133,0.16424454267118987,0.21852123153694164,1.5532811559301627,0.2214183722037124,2026-05-15,28,135.0,0.81,0.85,0.8300000000000001,12501.0,596.0,35380.0,0.06115390661845632,0.048192771084337255,0.0065241314258764355,0.08504671323017497,"{""benchmark"":""SPY"",""history_period"":""4y"",""market_data_source"":""ibkr"",""max_otm_pct"":0.15,""min_otm_pct"":0.05,""option_dte_max"":56,""option_dte_min"":25,""option_monthly_only"":true,""option_target_dte"":35,""preferred_otm_pct"":0.08}",2026-04-17,,FAIL,dividend_yield<0.02,0.500328,0.0,0.208723,0.938554,1.0,1.0,0.0925337435713163
CAT,EQUITY,marketCap,372154531840.0,796.97,5.94,0.007453229105236082,1.4799587538666608,0.31981904845925924,2.5952090946000816,0.3428804452120514,2026-05-15,28,860.0,13.4,14.35,13.875,192.0,33.0,3479.0,0.07908704217222717,0.06846846846846842,0.017409689197836805,0.2269477341860869,"{""benchmark"":""SPY"",""history_period"":""4y"",""market_data_source"":""ibkr"",""max_otm_pct"":0.15,""min_otm_pct"":0.05,""option_dte_max"":56,""option_dte_min"":25,""option_monthly_only"":true,""option_target_dte"":35,""preferred_otm_pct"":0.08}",2026-04-17,,FAIL,dividend_yield<0.02;beta_1y>1.2,0.485863,0.0,1.0,0.086486,0.790435,0.5,0.23440096329132298
MS,EQUITY,marketCap,301225017344.0,189.76,3.925,0.020684021922428332,1.3655265792705602,0.2585100549250656,1.2144941066635546,0.29238729798695784,2026-05-15,28,200.0,1.79,1.89,1.8399999999999999,2812.0,722.0,7312.0,0.053962900505902134,0.05434782608695645,0.0096964586846543,0.1264002649963864,"{""benchmark"":""SPY"",""history_period"":""4y"",""market_data_source"":""ibkr"",""max_otm_pct"":0.15,""min_otm_pct"":0.05,""option_dte_max"":56,""option_dte_min"":25,""option_monthly_only"":true,""option_target_dte"":35,""preferred_otm_pct"":0.08}",2026-04-17,,FAIL,beta_1y>1.2,0.478183,0.0114,0.553336,0.552036,0.8802,0.668947,0.14708428691881473
AMAT,EQUITY,marketCap,310222094336.0,393.6,1.84,0.00467479674796748,1.9942237384044235,0.4479397673651606,2.468582004053935,0.5020982860728713,2026-05-15,28,430.0,11.25,12.35,11.8,1600.0,106.0,17089.0,0.09247967479674801,0.09322033898305081,0.029979674796747968,0.39080647502903604,"{""benchmark"":""SPY"",""history_period"":""4y"",""market_data_source"":""ibkr"",""max_otm_pct"":0.15,""min_otm_pct"":0.05,""option_dte_max"":56,""option_dte_min"":25,""option_monthly_only"":true,""option_target_dte"":35,""preferred_otm_pct"":0.08}",2026-04-17,,FAIL,dividend_yield<0.02;selected_call_spread_pct>0.08;beta_1y>1.2;max_drawdown_3y>0.45,0.474222,0.0,1.0,0.171111,0.6,0.5,0.39548127177700354
LRCX,EQUITY,marketCap,334618820608.0,266.85,1.01,0.0037848978827056397,2.381982286802556,0.4872392717815161,4.354133226324238,0.4758271977290872,2026-05-15,28,290.0,10.35,10.9,10.625,708.0,99.0,23437.0,0.08675285741053007,0.05176470588235301,0.03981637624133408,0.5190349045745335,"{""benchmark"":""SPY"",""history_period"":""4y"",""market_data_source"":""ibkr"",""max_otm_pct"":0.15,""min_otm_pct"":0.05,""option_dte_max"":56,""option_dte_min"":25,""option_monthly_only"":true,""option_target_dte"":35,""preferred_otm_pct"":0.08}",2026-04-17,,FAIL,dividend_yield<0.02;beta_1y>1.2;realized_vol_1y>0.45;max_drawdown_3y>0.45,0.470204,0.0,1.0,0.24412,0.6,0.313804,0.5228198024572391
CSCO,EQUITY,marketCap,340050968576.0,86.15,1.65,0.019152640742890307,0.9045731530649359,0.2524988362775942,0.6958661417322836,0.22648686030428766,2026-05-15,28,92.5,0.93,1.02,0.9750000000000001,0.0,925.0,16585.0,0.07370864770748686,0.09230769230769227,0.011317469529889728,0.14753129922891967,"{""benchmark"":""SPY"",""history_period"":""4y"",""market_data_source"":""ibkr"",""max_otm_pct"":0.15,""min_otm_pct"":0.05,""option_dte_max"":56,""option_dte_min"":25,""option_monthly_only"":true,""option_target_dte"":35,""preferred_otm_pct"":0.08}",2026-04-17,,FAIL,dividend_yield<0.02;selected_call_spread_pct>0.08,0.468432,0.0,0.729427,0.0,0.997357,1.0,0.16668393997180997
CVX,EQUITY,marketCap,363969708032.0,183.61,6.91,0.037634115788900385,0.0594782055687473,0.2189912617235685,0.06676738915683655,0.22448387845047557,2026-05-15,28,200.0,1.18,1.34,1.26,10443.0,1968.0,34594.0,0.08926529056151611,0.1269841269841271,0.006862371330537552,0.08945591198736451,"{""benchmark"":""SPY"",""history_period"":""4y"",""market_data_source"":""ibkr"",""max_otm_pct"":0.15,""min_otm_pct"":0.05,""option_dte_max"":56,""option_dte_min"":25,""option_monthly_only"":true,""option_target_dte"":35,""preferred_otm_pct"":0.08}",2026-04-17,,FAIL,selected_call_spread_pct>0.08,0.466223,0.293902,0.245466,0.7,0.527383,1.0,0.12709002777626488
INTC,EQUITY,marketCap,344090345472.0,68.03,,,1.965335595137078,0.6365600799177209,1.1170245876128226,0.642828999211978,2026-05-15,28,72.5,3.9,4.0,3.95,0.0,392.0,74312.0,0.06570630604145222,0.025316455696202552,0.05806261943260326,0.7568877176035782,"{""benchmark"":""SPY"",""history_period"":""4y"",""market_data_source"":""ibkr"",""max_otm_pct"":0.15,""min_otm_pct"":0.05,""option_dte_max"":56,""option_dte_min"":25,""option_monthly_only"":true,""option_target_dte"":35,""preferred_otm_pct"":0.08}",2026-04-17,,FAIL,dividend_yield_missing;beta_1y>1.2;realized_vol_1y>0.45;max_drawdown_3y>0.45,0.45,0.0,1.0,0.3,0.6,0.0,
ABBV,EQUITY,marketCap,371068633088.0,209.59,6.74,0.0321580228064316,0.4096192990839762,0.2533807940500003,0.28809392095396147,0.21462198836887292,2026-05-15,28,230.0,1.32,1.55,1.435,3130.0,657.0,16388.0,0.09738060021947614,0.1602787456445993,0.00684670070136934,0.08925163414285033,"{""benchmark"":""SPY"",""history_period"":""4y"",""market_data_source"":""ibkr"",""max_otm_pct"":0.15,""min_otm_pct"":0.05,""option_dte_max"":56,""option_dte_min"":25,""option_monthly_only"":true,""option_target_dte"":35,""preferred_otm_pct"":0.08}",2026-04-17,,FAIL,selected_call_spread_pct>0.08,0.420934,0.202634,0.243764,0.409111,0.76883,1.0,0.12140965694928194
V,EQUITY,marketCap,611034333184.0,316.69,2.52,0.007957308408854084,0.7164696705053403,0.208335792635129,0.36099531565602305,0.20837909512201658,2026-05-15,28,340.0,1.52,1.59,1.5550000000000002,4553.0,9640.0,20984.0,0.07360510278190024,0.04501607717041804,0.004910164514193692,0.06400750170288205,"{""benchmark"":""SPY"",""history_period"":""4y"",""market_data_source"":""ibkr"",""max_otm_pct"":0.15,""min_otm_pct"":0.05,""option_dte_max"":56,""option_dte_min"":25,""option_monthly_only"":true,""option_target_dte"":35,""preferred_otm_pct"":0.08}",2026-04-17,,FAIL,dividend_yield<0.02,0.415842,0.0,0.033396,0.892846,0.848359,1.0,0.07196481011173614
KO,EQUITY,marketCap,326200983552.0,75.98,2.06,0.027112397999473545,-0.062443824309888034,0.15929530012605267,0.20316706254948547,0.18538102643856913,2026-05-15,28,82.5,0.12,0.16,0.14,6041.0,59.0,42474.0,0.08581205580415885,0.28571428571428575,0.0018425901553040275,0.024019478810213216,"{""benchmark"":""SPY"",""history_period"":""4y"",""market_data_source"":""ibkr"",""max_otm_pct"":0.15,""min_otm_pct"":0.05,""option_dte_max"":56,""option_dte_min"":25,""option_monthly_only"":true,""option_target_dte"":35,""preferred_otm_pct"":0.08}",2026-04-17,,FAIL,annualized_call_yield<0.06;selected_call_spread_pct>0.08,0.371062,0.11854,0.0,0.7,0.676182,1.0,0.05113187680968676
PG,EQUITY,marketCap,343628316672.0,147.34,4.2272,0.028690104520157456,0.08881010277962947,0.18150803611114305,-0.02912301508862103,0.23183082915971065,2026-05-15,28,160.0,0.38,0.43,0.405,8100.0,241.0,33563.0,0.08592371385910136,0.12345679012345676,0.0027487444007058505,0.03583184665205841,"{""benchmark"":""SPY"",""history_period"":""4y"",""market_data_source"":""ibkr"",""max_otm_pct"":0.15,""min_otm_pct"":0.05,""option_dte_max"":56,""option_dte_min"":25,""option_monthly_only"":true,""option_target_dte"":35,""preferred_otm_pct"":0.08}",2026-04-17,,FAIL,annualized_call_yield<0.06;selected_call_spread_pct>0.08,0.337803,0.144835,0.0,0.7,0.410631,1.0,0.06452195117221586
JNJ,EQUITY,marketCap,566025060352.0,235.28,5.2,0.022101326079564776,0.03121351008224425,0.16605824459579718,0.41641081211245545,0.1858092618065107,2026-05-15,28,250.0,0.89,1.1,0.9950000000000001,2908.0,194.0,13277.0,0.0625637538252295,0.2110552763819096,0.004229003740224414,0.05512808447078254,"{""benchmark"":""SPY"",""history_period"":""4y"",""market_data_source"":""ibkr"",""max_otm_pct"":0.15,""min_otm_pct"":0.05,""option_dte_max"":56,""option_dte_min"":25,""option_monthly_only"":true,""option_target_dte"":35,""preferred_otm_pct"":0.08}",2026-04-17,,FAIL,annualized_call_yield<0.06;selected_call_spread_pct>0.08,0.319993,0.035022,0.0,0.374578,0.908812,1.0,0.07722941055034732
JPM,EQUITY,marketCap,840934686720.0,311.19,5.9,0.01895947813233073,0.9981676365536297,0.2121972045829702,1.4123575470966743,0.2488658689051616,2026-05-15,28,335.0,0.85,1.03,0.94,1814.0,260.0,25121.0,0.07651274141199904,0.19148936170212771,0.0030206626176933703,0.03937649483778858,"{""benchmark"":""SPY"",""history_period"":""4y"",""market_data_source"":""ibkr"",""max_otm_pct"":0.15,""min_otm_pct"":0.05,""option_dte_max"":56,""option_dte_min"":25,""option_monthly_only"":true,""option_target_dte"":35,""preferred_otm_pct"":0.08}",2026-04-17,,FAIL,dividend_yield<0.02;annualized_call_yield<0.06;selected_call_spread_pct>0.08,0.284516,0.0,0.0,0.2044,0.957572,1.0,0.05833597297011931
HD,EQUITY,marketCap,347862663168.0,349.41,9.23,0.026415958329755875,0.8191306719317963,0.23064011846491247,0.19599520794112624,0.26102881517027154,2026-05-15,28,375.0,1.88,2.17,2.025,556.0,66.0,7486.0,0.07323774362496782,0.1432098765432099,0.005795483815574825,0.07554827116731469,"{""benchmark"":""SPY"",""history_period"":""4y"",""market_data_source"":""ibkr"",""max_otm_pct"":0.15,""min_otm_pct"":0.05,""option_dte_max"":56,""option_dte_min"":25,""option_monthly_only"":true,""option_target_dte"":35,""preferred_otm_pct"":0.08}",2026-04-17,,FAIL,selected_call_spread_pct>0.08,0.257992,0.106933,0.129569,0.008711,0.604307,1.0,0.10196422949707057
MA,EQUITY,marketCap,467101908992.0,522.49,3.26,0.006239353863231832,0.7112133716434742,0.21443851605044123,0.4134992560530233,0.191531988780553,2026-05-15,28,565.0,2.4,3.1,2.75,57.0,1.0,3899.0,0.08136040881165196,0.25454545454545463,0.005263258626959368,0.06861033567286319,"{""benchmark"":""SPY"",""history_period"":""4y"",""market_data_source"":""ibkr"",""max_otm_pct"":0.15,""min_otm_pct"":0.05,""option_dte_max"":56,""option_dte_min"":25,""option_monthly_only"":true,""option_target_dte"":35,""preferred_otm_pct"":0.08}",2026-04-17,,FAIL,dividend_yield<0.02;selected_call_spread_pct>0.08;option_liquidity<oi:500|vol:10,0.257371,0.0,0.071753,0.0,0.905636,1.0,0.07484968953609503
COST,EQUITY,marketCap,440631394304.0,996.05,5.2,0.005220621454746248,0.20835916451683104,0.18830644477130054,1.0002811866074834,0.21066805341455708,2026-05-15,28,1075.0,1.29,2.06,1.675,702.0,16.0,3619.0,0.07926308920234937,0.4597014925373134,0.0016816424878269164,0.021921411002029444,"{""benchmark"":""SPY"",""history_period"":""4y"",""market_data_source"":""ibkr"",""max_otm_pct"":0.15,""min_otm_pct"":0.05,""option_dte_max"":56,""option_dte_min"":25,""option_monthly_only"":true,""option_target_dte"":35,""preferred_otm_pct"":0.08}",2026-04-17,,FAIL,dividend_yield<0.02;annualized_call_yield<0.06;selected_call_spread_pct>0.08,0.256284,0.0,0.0,0.031422,1.0,1.0,0.027142032456775694
